name,location,age,sex
caspar,"63.824, 20.252",23,male
philip,"59.33258, 18.0649",42,male
johan,"58.41086, 15.62157",23,male
jessica,"56.67446, 12.85676",26,female
olle,"57.107111,12.2520950",30,male
tini,"47.497913, 19.040236",4,hund